<filetype binary="false" description="Syntax highlight for iozhik api" name="Api">
  <highlighting>
    <options>
      <option name="LINE_COMMENT" value="--" />
      <option name="COMMENT_START" value="/*" />
      <option name="COMMENT_END" value="*/" />
      <option name="HEX_PREFIX" value="" />
      <option name="NUM_POSTFIXES" value="" />
      <option name="HAS_BRACES" value="true" />
      <option name="HAS_BRACKETS" value="true" />
      <option name="HAS_PARENS" value="true" />
    </options>
    <keywords keywords="BigDecimal;Boolean;Double;Float;Int;Integer;Long;String;abstract;def;enum;namespace;provided" ignore_case="false" />
    <keywords3 keywords="flatten;import;mix;use;useDateTime" />
  </highlighting>
  <extensionMap>
    <mapping ext="api" />
  </extensionMap>
</filetype>